foreign_lang,native_lang,flag
the,その,0
be,である,0
and,～と,0
of,の,0
to,～へ,0
a,一つの,0
in,～の中,0
have,持つ,0
it,それ,0
you,あなた,0
he,彼,0
for,～のため,0
they,彼ら,0
not,～でない,0
that,あの,0
we,私たち,0
on,～に接して,0
with,～と一緒,0
this,この,0
I,私は,0
do,する,0
as,～のように,0
at,～で,0
she,彼女,0
but,でも,0
from,～から,0
by,の近くに,0
will,～だろう,0
or,～か,0
say,言う,0
go,行く,0
so,とても,0
all,全て,0
if,もし,0
one,1、ひとり、ひとつ,0
would,～だろう,0
about,～について,0
can,～できる,0
which,どちらか,0
there,そこ,0
know,知る,0
more,もっと,0
get,得る,0
who,誰,0
like,好む,0
when,どこ,0
think,思う,0
make,作る,0
time,時間,0
see,見る,0
what,なに,0
up,上がる,0
some,いくらか,0
other,他,0
out,外へ,0
good,良い,0
people,人々,0
year,年,0
take,持っていく、取る,0
no,いいえ、ない,0
well,上手く、上手に,0
because,なぜならば,0
very,とても,0
just,ただ～,0
come,来る,0
could,できた,0
work,働く,0
use,使う,0
than,～より,0
now,今,0
then,その時、それから,0
also,～もまた,0
into,～の中に,0
only,たった,0
look,見る,0
want,欲しい,0
give,与える,0
first,最初,0
new,新しい,0
way,方法,0
find,見つける,0
over,超える,0
any,何か,0
after,後で,0
day,日,0
where,どこ,0
thing,物,0
most,もっとも,0
should,～すべき,0
need,必要とする,0
much,たくさん,0
right,正しい,0
how,どのようにして,0
back,背,0
mean,～するつもりだ,0
even,平らな、等しい,0
may,かもしれない,0
here,ここ,0
many,たくさん,0
such,そのような,0
last,最後,0
child,子供,0
tell,話す,0
really,本当に,0
call,呼ぶ,0
before,以前,0
company,会社,0
through,～の間,0
down,下へ,0
show,見せる,0
life,生命,0
man,男性,0
change,変える,0
place,場所,0
long,長い,0
between,～の間,0
feel,感じる,0
too,～もまた,0
still,まだ,0
problem,問題,0
write,書く,0
same,同じ,0
lot,用地,0
great,巨大な、多量の,0
try,試す,0
leave,去る,0
number,数字,0
both,両方とも,0
own,自身の,0
part,部品,0
point,主張,0
little,少し、小さい,0
help,助ける,0
ask,求める,0
meet,会う,0
start,始める,0
talk,話す,0
something,何か,0
put,置く,0
another,もう一つ,0
become,なる,0
interest,興味,0
country,国,0
old,古い,0
each,各々,0
school,学校,0
late,遅れる,0
high,高い,0
different,違う,0
off,離れて,0
next,次,0
end,終わり,0
live,生きる,0
why,なぜ,0
while,間,0
world,世界,0
week,週,0
play,遊ぶ,0
might,～かもしれない,0
must,～しなければならない,0
home,住まい,0
never,決して～しない,0
include,含む,0
course,進路,0
house,家,0
report,報告,0
group,集団,0
case,事例,0
woman,女性,0
around,～の周りに,0
book,本,0
family,家族,0
seem,～のように思われる,0
let,させる,0
again,再び,0
kind,親切,0
keep,保つ,0
hear,聞く,0
system,システム,0
every,毎,0
question,質問する,0
during,間,0
always,いつも,0
big,大きい,0
set,設置する,0
small,小さい,0
study,勉強する、研究する,0
follow,ついて行く,0
begin,始める,0
important,大切,0
since,～なので、～だから,0
run,走る,0
under,下に,0
turn,回る,0
few,少し,0
bring,持っていく,0
early,早い,0
hand,手,0
state,状態,0
move,動かす,0
money,金,0
fact,事実,0
however,しかし,0
area,地域,0
provide,提供する,0
name,名前,0
read,読む,0
friend,友達,0
month,口,0
large,大きい,0
business,ビジネス、商売,0
without,～なしに,0
information,情報,0
open,開いている,0
order,命令,0
government,政府,0
word,語,0
issue,問題,0
market,市場,0
pay,はらう,0
build,建てる,0
hold,手に持つ,0
service,奉仕、勤務,0
against,反対に、逆らって,0
believe,信じる,0
second,秒,0
though,だが,0
yes,はい,0
love,愛,0
increase,増える,0
job,仕事,0
plan,予定,0
result,結果,0
away,離れて・去って,0
example,例,0
happen,起こる,0
offer,申し出る,0
young,若い,0
close,閉める,0
program,プログラム,0
lead,導く,0
buy,買う,0
understand,理解する,0
thank,感謝する,0
far,遠い,0
today,今日,0
hour,時間,0
student,生徒,0
face,顔,0
hope,望む,0
idea,アイデア,0
cost,費用,0
less,より少ない,0
room,部屋,0
until,まで,0
reason,理由,0
form,形,0
spend,費やす,0
head,頭,0
car,車,0
learn,学ぶ,0
level,高さ,0
person,人,0
experience,経験,0
once,一度,0
member,メンバー,0
enough,十分,0
bad,悪い,0
city,都市,0
night,夜,0
able,できる,0
support,支える,0
whether,～かどうか,0
line,線,0
present,現在,0
side,端,0
quite,かなり,0
although,だけれども,0
sure,確信,0
term,用語,0
least,最小,0
age,年齢,0
low,低い,0
speak,話す,0
within,以内に,0
process,過程,0
public,公共,0
often,しばしば,0
train,電車,0
possible,可能性,0
actually,実際,0
rather,やや、割に,0
view,見解,0
together,一緒に,0
consider,よく考える,0
price,価格,0
parent,親,0
hard,固い,0
party,政党,0
local,地方の,0
control,操作する,0
already,すでに,0
concern,心配する,0
product,製品、生産物,0
lose,失う,0
story,物語,0
almost,ほとんど,0
continue,続ける,0
stand,立つ,0
whole,全体,0
yet,まだ,0
rate,速度、率,0
care,注意,0
expect,期待する,0
effect,効果,0
sort,一部,0
ever,今までに,0
anything,何でも,0
cause,要因,0
fall,落ちる,0
deal,取引,0
water,水,0
send,送る,0
allow,許可する,0
soon,すぐに,0
watch,見る,0
base,土台,0
probably,おそらく,0
suggest,提案する,0
past,過去,0
power,力,0
test,テスト,0
visit,訪問する,0
center,中央,0
grow,育つ,0
nothing,無,0
return,戻る,0
mother,母,0
walk,歩く,0
matter,物質,0
mind,心,0
value,価値,0
office,事務所,0
record,記録,0
stay,とどまる,0
force,強いる,0
stop,止まる,0
several,数個の,0
light,光、明かり,0
develop,発展させる,0
remember,思い出す,0
bit,少し,0
share,共有する,0
real,本当の,0
answer,答え,0
sit,座る,0
figure,図,0
letter,文字,0
decide,決める,0
language,言語,0
subject,主題,0
class,クラス,0
development,開発,0
town,町,0
half,半分,0
minute,分,0
food,食べ物,0
break,壊す,0
clear,明らかに,0
future,未来,0
either,どちらか,0
ago,以前に,0
per,～につき,0
remain,残る,0
top,最上部,0
among,～の間で,0
win,勝つ,0
color,色,0
involve,巻き込む,0
reach,届く,0
social,社会の,0
period,期間,0
across,横切って,0
note,メモ,0
history,歴史,0
create,作る,0
drive,運転する,0
along,沿って,0
type,型,0
sound,音,0
eye,目,0
music,音楽,0
game,ゲーム、競技,0
political,政治の,0
free,自由,0
receive,受け取る,0
moment,瞬間,0
sale,販売,0
policy,政策,0
further,さらに,0
body,体,0
require,必要とする,0
wait,待つ,0
general,一般的な,0
appear,現れる,0
toward,向かって,0
team,チーム,0
easy,簡単な,0
individual,個人の,0
full,いっぱい,0
black,黒い,0
sense,感覚,0
perhaps,ひょっとして,0
add,加える,0
rule,規則,0
pass,通る,0
produce,生産する,0
sell,売る,0
short,短い,0
agree,賛成する,0
law,法律,0
everything,すべて,0
research,調査研究,0
cover,覆う,0
paper,紙,0
position,位置,0
near,近く,0
human,人,0
computer,コンピューター,0
situation,状況,0
staff,スタッフ,0
activity,活動,0
film,フィルム,0
morning,朝,0
war,戦争,0
account,報告,0
shop,店,0
major,主要な,0
someone,だれか,0
above,～の上,0
design,設計する,0
event,行事,0
special,特別,0
sometimes,ときどき,0
condition,状況,0
carry,運ぶ,0
choose,選ぶ,0
father,父親,0
decision,決断,0
table,テーブル,0
certain,確かな,0
forward,前方の,0
main,主要な,0
die,死ぬ,0
bear,耐える、負う,0
cut,切る,0
describe,言い表す,0
himself,彼自身,0
available,利用できる,0
especially,特に,0
strong,強い,0
rise,昇る,0
girl,少女,0
maybe,～かもしれない,0
community,社会,0
else,他の,0
particular,特定の,0
role,役,0
join,合わせる,0
difficult,難しい,0
please,どうか,0
detail,詳細,0
difference,違い,0
action,行動,0
health,健康,0
eat,食べる,0
step,一歩歩む,0
true,本当の,0
phone,電話,0
themselves,彼ら自身,0
draw,描く,0
white,白,0
date,日付,0
practice,練習する,0
model,模型,0
raise,上げる,0
customer,顧客,0
front,前,0
explain,説明する,0
door,ドア,0
outside,外,0
behind,後ろに,0
economic,経済の,0
site,現場,0
approach,近づく,0
teacher,教師,0
land,陸,0
charge,請求する,0
finally,最後に,0
sign,しるし,0
claim,主張する,0
relationship,関係,0
travel,旅する,0
enjoy,楽しむ,0
death,死,0
nice,素晴らしい,0
amount,量,0
improve,改善する,0
picture,写真、絵,0
boy,男の子,0
regard,顧慮する,0
organization,組織,0
happy,幸福な,0
couple,一対,0
act,行動する,0
range,範囲、幅,0
quality,質、品質,0
project,企画,0
round,丸い,0
opportunity,機会,0
road,道,0
accord,合意,0
list,リスト,0
wish,願う,0
therefore,従って、だから,0
wear,着る,0
fund,資金,0
rest,休憩,0
kid,子供,0
industry,産業,0
education,教育,0
measure,測る,0
kill,殺す,0
serve,供給する、～を出す,0
likely,～しそうだ,0
certainly,確実な,0
national,国の,0
itself,それなり,0
teach,教える,0
field,野原,0
security,警備,0
air,空気,0
benefit,利益、恩恵,0
trade,交換する,0
risk,リスク,0
news,ニュース,0
standard,基準,0
vote,投票する,0
percent,㌫,0
focus,焦点,0
stage,段階,0
space,場所,0
instead,代わり,0
realize,気づく,0
usually,たいてい,0
data,データ,0
single,単独,0
address,住所,0
performance,演技,0
chance,機会,0
accept,引き受ける,0
society,社会,0
technology,科学技術、テクノロジー,0
mention,言及する,0
choice,選択,0
save,救う,0
common,一般的な,0
culture,文化,0
total,合計,0
demand,需要,0
material,材料,0
limit,限度,0
listen,聞く,0
due,期限,0
wrong,悪い、間違いの,0
foot,足（くるぶしから下）,0
effort,努力,0
attention,注意,0
upon,～の上に,0
check,確認する,0
complete,完璧,0
lie,横になる,0
pick,選ぶ,0
reduce,減らす,0
personal,個人的な,0
ground,地面,0
animal,動物,0
arrive,到着する,0
patient,忍耐強い,0
current,現在の,0
century,世紀,0
evidence,証拠,0
exist,存在する,0
similar,似ている,0
fight,戦う,0
leader,リーダー,0
fine,よい,0
street,街路,0
former,前の,0
contact,接触,0
particularly,特に,0
wife,妻,0
sport,スポーツ,0
prepare,用意する,0
discuss,議論する,0
response,応答,0
voice,声,0
piece,一切れ,0
finish,終り,0
suppose,想定する,0
apply,申し込む,0
president,大統領,0
fire,火,0
compare,比べる,0
court,裁判所,0
police,警察,0
store,店,0
poor,貧しい,0
knowledge,知識,0
laugh,笑う,0
arm,腕,0
heart,心,0
source,源,0
employee,従業員,0
manage,管理する,0
simply,簡単に,0
bank,堤防,0
firm,堅い,0
cell,細胞,0
article,記事,0
fast,速い,0
attack,攻撃する,0
foreign,異国（の）,0
surprise,驚く,0
feature,特徴,0
factor,要因,0
pretty,かなりの、すてきな,0
recently,最近,0
affect,影響を与える,0
drop,落とす,0
recent,最近,0
relate,関連付ける,0
official,職務上の,0
financial,財政的な,0
miss,外す、逃す,0
art,芸術,0
campaign,キャンペーン,0
private,私的な,0
pause,一時停止,0
everyone,全員,0
forget,忘れる,0
page,ページ,0
worry,心配する,0
summer,夏,0
drink,飲む,0
opinion,意見,0
park,公園,0
represent,代表を務める,0
key,鍵,0
inside,内側,0
manager,経営者、管理者、部長,0
international,国際的な,0
contain,含む,0
notice,気づく,0
wonder,驚くべきこと,0
nature,物質界,0
structure,構造,0
section,部分,0
myself,自分自身,0
exactly,まさに,0
plant,植物,0
paint,ペンキ,0
worker,従業員,0
press,新聞、雑誌、報道機関,0
whatever,なんでも,0
necessary,必要,0
region,地域,0
growth,成長,0
evening,夕べ,0
influence,影響,0
respect,尊敬,0
various,さまざまな,0
catch,捕まえる,0
thus,そのように,0
skill,技術,0
attempt,試みる,0
son,息子,0
simple,易しい、単純な,0
medium,中くらい,0
average,平均,0
stock,在庫,0
management,経営者,0
character,性格,0
bed,ベッド,0
hit,打つ,0
establish,設立する,0
indeed,実に、まさに,0
final,最終,0
economy,経済,0
fit,適切である,0
guy,男,0
function,機能,0
yesterday,昨日,0
image,絵、像,0
size,サイズ、寸法,0
behavior,態度、行動,0
addition,追加物,0
determine,決定する,0
station,駅,0
population,人口,0
fail,失敗する,0
environment,環境,0
production,生産,0
contract,契約,0
player,プレーヤー,0
comment,コメントする,0
enter,入る,0
occur,起こる,0
alone,単独,0
significant,著しい,0
drug,薬,0
wall,壁,0
series,一続き、連続の,0
direct,向かわせる,0
success,成功,0
tomorrow,明日,0
director,監督,0
clearly,はっきりと,0
lack,欠けている,0
review,精査,0
depend,頼る,0
race,人種,0
recognize,認識する,0
window,窓,0
purpose,目的,0
department,部門,0
gain,得る,0
tree,木,0
college,大学,0
argue,主張する,0
board,板,0
holiday,休日,0
mark,印をつける,0
church,教会,0
machine,機械,0
achieve,達成する,0
item,品物,0
prove,証明する,0
cent,セント,0
season,季節,0
floor,床,0
stuff,材料,0
wide,広い,0
anyone,だれか,0
method,方法,0
analysis,分析,0
election,選挙,0
military,軍の,0
hotel,ホテル,0
club,クラブ,0
below,下に,0
movie,映画,0
doctor,医師,0
discussion,議論,0
sorry,気の毒に思う,0
challenge,異議を申し立てる,0
nation,国家,0
nearly,ほとんど,0
statement,声明,0
link,結びつける,0
despite,にもかかわらず,0
introduce,紹介する,0
advantage,利点,0
ready,準備ができている,0
marry,結婚する,0
strike,打つ,0
mile,マイル,0
seek,探し求める,0
ability,能力,0
unit,単位,0
card,カード,0
hospital,病院,0
quickly,速く,0
interview,面接,0
agreement,合意,0
release,釈放する,0
tax,税金,0
solution,解決策,0
capital,首都,0
popular,人気がある,0
specific,独特な、特に,0
beautiful,美しい,0
fear,恐れ,0
aim,狙う,0
television,テレビ,0
serious,深刻な,0
target,目的,0
degree,度,0
pull,引く,0
red,赤,0
husband,夫,0
access,アクセス,0
movement,動き,0
treat,扱う,0
identify,識別する,0
loss,失うこと,0
shall,～となるだろう,0
modern,現代的な,0
pressure,圧力,0
bus,バス,0
treatment,治療,0
yourself,あなた自身,0
supply,供給,0
village,村,0
worth,価値,0
natural,自然,0
express,表現する、伝える,0
indicate,指し示す,0
attend,出席する,0
brother,兄弟,0
investment,投資,0
score,スコア,0
organize,まとめる,0
trip,旅,0
beyond,～を越えて,0
sleep,寝る,0
fish,魚,0
promise,約束,0
potential,潜在能力,0
energy,エネルギー,0
trouble,困難,0
relation,関係,0
touch,触る,0
file,ファイル,0
middle,中間,0
bar,酒場,0
suffer,苦しむ,0
strategy,戦略,0
deep,深い,0
except,～以外,0
clean,綺麗にする、きれいな,0
tend,傾向がある,0
advance,進む,0
fill,満たす,0
star,星,0
network,ネットワーク,0
generally,一般的に,0
operation,手術,0
match,匹敵する,0
avoid,避ける,0
seat,席,0
throw,投げる,0
task,仕事,0
normal,普通,0
goal,目標,0
associate,関連付ける、連想する,0
blue,青,0
positive,前向きな,0
option,選択,0
box,箱,0
huge,とてつもなく大きい,0
message,"メッセージ,伝言",0
instance,事例,0
style,型,0
refer,言及する,0
cold,冷たい,0
push,押す,0
quarter,４分の１,0
assume,負う,0
baby,赤ん坊,0
successful,成功した,0
sing,歌う,0
doubt,疑う,0
competition,競争,0
theory,理論,0
propose,提案する,0
reference,言及する,0
argument,口論,0
adult,大人,0
fly,飛ぶ,0
document,文書,0
pattern,パターン,0
application,応募書,0
hot,熱い,0
obviously,明らかに,0
unclear,明確でない,0
bill,請求書,0
search,探す,0
separate,分かれた,0
central,真ん中の,0
career,キャリア,0
anyway,とにかく,0
speech,スピーチ,0
dog,犬,0
officer,会社員,0
throughout,～にわたって、～を通じて,0
oil,"オイル,油",0
dress,ドレス,0
profit,利益,0
guess,推測する,0
fun,楽しい,0
protect,守る,0
resource,資源,0
science,科学,0
disease,病気,0
balance,バランス,0
damage,損傷,0
basis,基礎,0
author,著者,0
basic,基本的な,0
encourage,勇気づける,0
hair,毛髪、毛,0
male,男性,0
operate,動作する,0
reflect,反射する,0
exercise,運動,0
useful,便利,0
restaurant,レストラン,0
income,収入,0
property,所有物,0
previous,前の,0
dark,暗い,0
imagine,想像する,0
okay,ＯＫ、いいよ,0
earn,稼ぐ,0
daughter,娘,0
post,郵便物,0
newspaper,新聞,0
define,定義する,0
conclusion,結論,0
clock,時計,0
everybody,全員,0
weekend,週末,0
perform,演じる,0
professional,専門の,0
mine,私のもの,0
debate,討論,0
memory,記憶,0
green,緑,0
song,歌,0
object,物体,0
maintain,維持する,0
credit,信用,0
ring,指輪,0
discover,発見する,0
dead,死んでいる,0
afternoon,午後,0
prefer,～をより好む,0
extend,伸ばす,0
possibility,可能性,0
direction,方向,0
facility,施設,0
variety,多様な,0
daily,日誌,0
clothes,衣服,0
screen,画面,0
track,(人・車などの）通った跡,0
dance,踊る,0
completely,完全に,0
female,女性,0
responsibility,責任,0
original,オリジナル,0
sister,姉妹,0
rock,揺れ動く,0
dream,夢,0
nor,AもBも～でない,0
university,大学,0
easily,簡単に,0
agency,代理店,0
dollar,ドル,0
garden,庭,0
fix,修理する,0
ahead,前,0
cross,交差する,0
yeah,ああ,0
weight,重さ,0
legal,法律上の、法的な,0
proposal,提案,0
version,版,0
conversation,会話,0
somebody,誰か,0
pound,ポンド,0
magazine,雑誌,0
shape,形,0
sea,海,0
immediately,ただちに,0
welcome,ようこそ,0
smile,笑顔,0
communication,コミュニケーション,0
agent,代理人,0
traditional,伝統的な,0
replace,取って代わる,0
judge,審判,0
herself,彼女自身,0
suddenly,突然,0
generation,世代,0
estimate,予算,0
favorite,お気に入りの,0
difficulty,困難,0
purchase,購入する,0
shoot,撃つ,0
announce,発表する,0
unless,～でない限り,0
independent,独立,0
recommend,薦める,0
survey,調査,0
majority,大多数,0
stick,棒,0
request,要請,0
rich,金持ち,0
wind,風,0
none,誰も・何も～ない,0
exchange,交換,0
budget,予算,0
famous,有名,0
blood,血液,0
appropriate,適切な,0
block,ブロック,0
warm,暖かい,0
count,数える,0
scene,場面,0
writer,作家,0
content,内容,0
prevent,防ぐ,0
safe,安全な,0
invite,誘う,0
mix,混ぜる,0
element,要素,0
effective,効果的な,0
correct,正しい,0
medical,医療の,0
admit,認める,0
beat,打つ,0
telephone,電話,0
copy,うり二つ,0
committee,委員会,0
aware,気づく,0
advice,アドバイス、助言,0
handle,ハンドル,0
glass,ガラス,0
trial,裁判,0
stress,ストレス,0
radio,ラジオ、無線,0
administration,経営管理,0
complex,複雑な,0
text,本文,0
context,事情,0
ride,乗る,0
directly,直接,0
heavy,重い,0
remove,取り除く,0
conduct,導く,0
equipment,設備,0
otherwise,さもなければ,0
title,題名,0
extra,余計な,0
executive,幹部,0
chair,いす,0
expensive,高い,0
sample,見本,0
sex,性別,0
deliver,届ける,0
video,ビデオ,0
connection,接続,0
primary,主要な,0
weather,天気,0
collect,集める,0
inform,知らせる,0
principle,原理、原則,0
straight,真っすぐな,0
appeal,訴え、要請,0
highly,非常に、高く,0
trust,信頼,0
wonderful,素晴らしい,0
flat,平らな,0
absolutely,全く,0
flow,流れる,0
fair,公平,0
additional,追加の,0
responsible,責任のある,0
farm,農場,0
collection,収集,0
hang,吊るす,0
negative,否定的な,0
band,バンド,0
relative,関係性のある,0
tour,旅行,0
alternative,選択肢,0
software,ソフトウェア,0
pair,一組、一対,0
ship,船,0
attitude,態度,0
cheap,安い,0
double,二重の,0
leg,脚,0
observe,観察する,0
sentence,文,0
print,印刷する,0
progress,前進,0
truth,真実,0
nobody,だれも～ない,0
examine,調べる,0
lay,敷く、置く,0
speed,速度,0
politics,政治,0
reply,返事をする,0
display,展示する,0
transfer,移動する,0
perfect,完璧,0
slightly,わずかに,0
overall,全体の,0
intend,～するつもりだ,0
user,使用者,0
respond,返事をする,0
dinner,夕食,0
slow,遅い,0
regular,定期的な,0
physical,身体の,0
apart,離れた,0
suit,スーツ,0
federal,連邦の,0
reveal,明かす,0
percentage,割合,0
peace,平和,0
status,地位,0
crime,犯罪,0
decline,下降する,0
decade,１０年,0
launch,発射する、進水させる、発売する,0
warn,警告する,0
consumer,消費者,0
favor,恩恵、世話,0
dry,乾く,0
partner,相棒,0
institution,機関,0
spot,場所,0
horse,馬,0
eventually,最終的に,0
heat,熱,0
excite,興奮させる,0
reader,読者,0
importance,重要性,0
distance,距離,0
guide,案内人,0
grant,許諾する、与える,0
taxi,タクシー,0
feed,食物を与える,0
pain,痛み,0
sector,課,0
mistake,誤り,0
ensure,確保する,0
satisfy,満足させる,0
chief,長、主任,0
cool,冷たい、涼しい,0
expert,専門家,0
wave,波,0
south,南,0
labor,労働,0
surface,表面,0
library,図書館,0
excellent,すばらしい,0
edge,端,0
camp,キャンプ,0
audience,観衆,0
lift,持ち上げる,0
procedure,手続き,0
email,e-メール,0
global,グローバル,0
struggle,奮闘する,0
advertise,宣伝する,0
select,選択する,0
surround,周り,0
extent,規模,0
river,川,0
annual,年に一度,0
fully,完全に,0
contrast,対比する,0
roll,転がる,0
reality,現実,0
photograph,写真,0
artist,芸術家,0
conflict,闘争,0
entire,全体の,0
presence,存在,0
crowd,人混み,0
corner,角,0
gas,ガソリン,0
shift,移す,0
net,網,0
category,分類,0
secretary,秘書,0
defense,防御,0
quick,早い,0
cook,料理人,0
spread,広がる,0
nuclear,核,0
scale,規模,0
driver,運転手,0
ball,ボール,0
cry,泣く,0
introduction,導入,0
requirement,要件,0
north,北,0
confirm,確認する,0
senior,上級の、年上の,0
photo,写真,0
refuse,拒む,0
transport,運ぶ,0
emerge,出現する,0
map,地図,0
concept,概念・発想,0
island,島,0
reform,改革,0
neither,どちらも～ない,0
football,サッカー,0
survive,生き残る,0
flight,飛行,0
left,左,0
solve,解決する,0
neighbor,隣の,0
background,背景,0
technique,技術,0
traffic,交通,0
improvement,改善,0
tool,道具,0
consequence,結果,0
circumstance,取り巻く環境,0
smoke,煙,0
reaction,反応,0
rain,雨,0
busy,忙しい,0
lesson,授業,0
brain,脳,0
mass,巨大,0
funny,おかしい,0
contribute,貢献する,0
failure,失敗,0
schedule,日程,0
speaker,スピーカー,0
bottom,底,0
adopt,採用する,0
combine,組み合わせる,0
mountain,山,0
waste,無駄にする,0
hide,隠れる,0
marriage,結婚,0
ticket,チケット,0
meal,ご飯,0
colleague,同僚,0
bag,バッグ,0
repeat,繰り返す,0
equal,等しい,0
expression,表現,0
plus,プラス,0
extremely,極めて,0
owner,持ち主,0
plane,飛行機,0
commercial,商業の,0
lady,女性,0
duty,業務,0
strength,体力,0
connect,つなぐ,0
cultural,文化の,0
arrange,並べる,0
scheme,計画,0
payment,支払い,0
unfortunately,残念ながら,0
brief,短時間の,0
bird,鳥,0
demonstrate,実演する,0
contribution,貢献,0
appreciate,感謝する,0
chapter,章,0
secret,秘密な,0
apparently,～そうだ、～らしい,0
novel,小説,0
union,組合,0
burn,燃える,0
trend,傾向、動向,0
initial,最初の,0
pleasure,喜び,0
suggestion,提案,0
critical,批判的な,0
gather,集合,0
mostly,たいていは,0
earth,地球,0
pop,ポンと音を立てる、破裂させる,0
essential,不可欠な,0
desire,望む,0
promote,昇進させる,0
currently,現在,0
employ,雇う,0
path,小道,0
topic,題,0
beach,海辺,0
attract,ひきつける,0
engage,関心を引き付ける,0
powerful,強力な,0
flower,花,0
crisis,危機,0
settle,決着をつける,0
boat,ボート,0
aid,援助する,0
fan,扇風機,0
kitchen,台所,0
twice,2回,0
fresh,新鮮な,0
delay,遅れる,0
safety,安全,0
engineer,技術者,0
quiet,静か,0
insurance,保険,0
nurse,看護師,0
divide,分ける,0
length,長さ,0
investigation,調査,0
package,パッケージ,0
somewhere,どこか,0
expand,拡大する,0
commit,ささげる、専念する,0
obvious,明らかな,0
jump,跳ぶ,0
weapon,武器,0
relatively,比較的に,0
host,主催者、（客をもてなす）主人,0
winter,冬,0
district,区,0
broad,幅広い,0
tire,疲れる,0
spring,春,0
spirit,魂,0
lunch,昼食,0
actual,現実の,0
pool,水たまり,0
battle,戦い,0
tradition,伝統,0
cash,現金,0
hardly,ほとんど～ない,0
award,賞,0
coach,コーチ,0
experiment,実験,0
consideration,考慮,0
strange,変な,0
code,暗号,0
possibly,もしかしたら,0
threat,脅かす人・もの,0
accident,事故,0
impossible,不可能,0
revenue,収益,0
enable,～を可能にする,0
afraid,怖がる,0
active,積極的,0
conclude,終える,0
religious,宗教の,0
cancer,癌,0
convince,納得させる,0
vary,変わる,0
environmental,環境の,0
sun,太陽,0
healthy,健康な,0
blow,吹く,0
volume,音量、巻,0
location,位置,0
invest,投資する,0
proceed,進める,0
wash,洗う,0
actor,俳優,0
glad,喜び,0
tape,テープ,0
whereas,その一方で,0
opposite,反対,0
stone,石,0
sum,合計,0
murder,殺人犯,0
monitor,監視する,0
soldier,軍人,0
finance,財務,0
hate,～をひどく嫌う,0
egg,卵,0
concert,コンサート,0
shock,衝撃,0
comfortable,心地よい,0
usual,通常,0
carefully,慎重に,0
pack,詰める,0
recall,思い出す,0
wine,ワイン,0
camera,カメラ,0
swim,泳ぐ,0
manufacture,製造する,0
theater,劇場,0
cycle,循環,0
coffee,コーヒー,0
totally,完全に,0
museum,美術館,0
visitor,訪問者,0
freedom,自由,0
construction,建設,0
dear,親愛なる,0
objective,客観的,0
moreover,そのうえに,0
onto,～の上に,0
historical,歴史的な,0
oppose,反対する,0
branch,枝,0
vehicle,乗り物,0
scientist,科学者,0
route,道,0
bind,縛る,0
belong,所属する,0
taste,味,0
tonight,今夜,0
fashion,流行,0
danger,危険,0
bomb,爆弾,0
army,陸軍,0
dangerous,危険,0
decrease,減少,0
hurt,傷つける,0
council,評議会,0
editor,編集者,0
normally,通常,0
sight,視力,0
generate,生成する,0
gift,贈り物,0
delivery,宅配,0
deny,否定する,0
guest,ゲスト,0
anybody,だれか,0
bedroom,寝室,0
quote,引用する,0
climb,登る,0
basically,基本的に,0
violence,暴力,0
minister,大臣,0
mainly,投票者、有権者,0
mouth,口,0
noise,騒音,0
manner,方法,0
gun,ピストル、鉄砲,0
square,四角形,0
occasion,機会,0
familiar,親しい,0
ignore,無視する,0
destroy,破壊する,0
affair,業務,0
civil,市民の,0
locate,（場所を）見つける,0
citizen,市民,0
temperature,温度,0
gold,金,0
domestic,家庭の、国内の,0
load,積載貨物,0
belief,信念,0
troop,一団、軍隊,0
technical,技術の,0
remind,思い出させる,0
arrangement,合意、取り決め,0
skin,肌,0
prison,牢獄,0
switch,切り替える,0
acquire,得る,0
corporate,法人の,0
fairly,かなり,0
wood,木,0
participate,参加する,0
tough,とても難しい,0
tear,涙,0
representative,代表,0
capacity,許容量,0
border,国境,0
shake,振る,0
assessment,査定、評価,0
shoe,くつ,0
ought,～すべき,0
ad,広告,0
fee,謝礼金,0
hall,ホール,0
regulation,規制,0
escape,逃げる,0
studio,スタジオ,0
proper,適切な,0
relax,くつろぐ,0
tourist,旅行者,0
component,構成要素、部品,0
afford,買うことができる,0
lawyer,弁護士,0
suspect,疑う,0
cup,カップ,0
description,描写,0
confidence,自信,0
industrial,産業の,0
complain,不平を言う,0
perspective,観点,0
error,誤り、エラー,0
arrest,逮捕する,0
assess,評価する,0
register,登録簿,0
asset,貴重な人材、資産,0
signal,信号,0
finger,指,0
relevant,関係のある,0
explore,探る,0
leadership,指導権,0
commitment,約束、義務,0
wake,起こす,0
necessarily,必ずしも,0
bright,輝く,0
frame,骨組み、体格,0
slowly,ゆっくりと,0
bond,絆,0
hire,雇う,0
hole,穴,0
tie,つなげる,0
internal,内部の,0
chain,鎖,0
literature,文学,0
victim,犠牲者,0
threaten,脅かす,0
division,分割,0
secure,確保する,0
amaze,驚かす,0
device,装置,0
birth,誕生,0
forest,森,0
label,ラベル,0
root,根,0
factory,工場,0
expense,費用,0
channel,チャンネル,0
investigate,調査する,0
recommendation,推薦,0
rank,階級、地位,0
typical,典型的な,0
west,西,0
friendly,友好的,0
resident,居住者,0
provision,規定,0
concentrate,集中する,0
plenty,たくさんの,0
export,輸出する,0
entirely,完全に,0
strongly,強く,0
bridge,橋,0
consist,成る,0
graduate,卒業する,0
brand,商標,0
moral,道義をわきまえた,0
insist,主張する,0
combination,組み合わせ,0
abuse,乱用する,0
ice,氷,0
principal,長,0
master,管理人,0
definitely,間違いなく,0
session,期間,0
grade,成績,0
nevertheless,それにもかかわらず,0
predict,予想する,0
previously,以前に,0
protection,保護,0
largely,だいたいは,0
wed,結婚する,0
rent,賃借りする,0
shot,打つ,0
appearance,外見,0
reasonable,程よい,0
guarantee,保障する,0
till,まで,0
theme,テーマ,0
judgment,判決,0
odd,変な,0
approve,承認する,0
loan,ローン,0
definition,定義,0
elect,選ぶ,0
atmosphere,雰囲気,0
farmer,農夫,0
comparison,比較,0
characteristic,特徴,0
license,免許,0
rely,頼る,0
narrow,狭い,0
succeed,成功する,0
identity,身元、独自性,0
desk,机,0
permit,許可する,0
seriously,深刻に,0
wild,野生の,0
empty,空の,0
commission,任務,0
unique,ユニークな、独特な,0
association,協会、組合,0
instrument,器具、楽器,0
investor,投資家,0
practical,実際の,0
tea,茶,0
lovely,美しい・素晴らしい,0
soft,柔らかい,0
row,列,0
youth,青年時代、若いころ,0
lock,錠前,0
fuel,燃料,0
expectation,期待,0
employment,雇用,0
celebrate,祝う,0
sexual,性的な,0
shoulder,肩,0
breath,息,0
increasingly,ますます,0
import,輸入する,0
bottle,ボトル,0
ourselves,私たち自身,0
sheet,シーツ,0
engine,エンジン,0
cast,配役する,0
notion,考え,0
conservative,保守的な,0
journey,旅,0
opposition,反対,0
relief,安堵,0
debt,借金,0
honor,名誉,0
outcome,結果,0
blame,責める,0
explanation,説明,0
arise,発生する,0
musical,音楽の、音楽の才能がある,0
recover,回復する,0
dad,パパ,0
stretch,伸ばす,0
declare,宣言する,0
retire,退職する、引退する,0
tiny,とても小さい,0
careful,気を付ける,0
suitable,ふさわしい,0
native,母国,0
fruit,くだもの,0
analyze,分析する,0
witness,証人,0
mail,郵便,0
terrible,ひどい,0
researcher,研究者,0
ordinary,通常の,0
selection,選択,0
anywhere,どこでも、どこにも,0
mental,精神,0
participant,参加者,0
vision,視覚,0
personality,人柄,0
specifically,具体的に,0
fat,太い,0
entry,入場,0
fellow,仲間,0
chemical,化学的な,0
capture,捕らえる,0
tip,先端,0
discount,値引き,0
peak,頂点,0
chairman,議長,0
proportion,割合,0
ear,耳,0
disappear,消える,0
shout,叫ぶ,0
yard,庭,0
constant,一定の,0
significantly,著しく、かなり,0
hill,丘,0
considerable,かなりの,0
instruction,指示,0
intelligence,知能,0
ideal,理想,0
folk,人々,0
surely,まさか,0
guard,護衛する,0
cat,猫,0
somewhat,いくらか、やや,0
kiss,キス,0
presentation,プレゼンテーション,0
joint,関節,0
compete,競争する,0
poll,世論調査,0
weak,弱い,0
faith,信仰、信条,0
reduction,縮小,0
reserve,予約する,0
complaint,不平,0
bore,退屈させる,0
mission,任務,0
somehow,なんとなく,0
tone,音質,0
neighborhood,隣人,0
passenger,乗客,0
justice,裁判、裁き,0
phase,段階,0
thin,薄い,0
rush,急ぐ,0
formal,形式的な,0
religion,宗教,0
employer,雇用者,0
reject,断る,0
latter,後ろのほうの,0
plate,皿,0
ban,禁止する,0
steal,盗む,0
protest,抗議,0
index,索引,0
sad,悲しい,0
frequently,頻繁に,0
circle,丸い,0
helpful,役立つ,0
command,命令する,0
attractive,魅力的な,0
sick,病気,0
impression,印象,0
unable,できない,0
joke,冗談,0
sky,空,0
column,欄,0
electronic,電子の,0
impose,課す,0
criminal,犯罪者、犯罪の,0
besides,～以外に、加えて、,0
properly,適切に,0
ancient,古代な,0
coast,海岸,0
ill,病気,0
kick,蹴る,0
closely,じっくりと、注意深く,0
multiple,複合的な,0
yield,産出する,0
via,経由で,0
legislation,法律,0
county,州,0
unlike,～とは違って,0
mobile,可動の,0
assistant,助手、補佐,0
implement,実施する,0
chart,チャート,0
attach,付随する,0
hell,地獄,0
everywhere,どこでも,0
advise,アドバイスする,0
household,世帯,0
acknowledge,認める,0
reward,報酬,0
east,東,0
hat,帽子,0
academic,学問的な,0
voter,有権者,0
meanwhile,その間に,0
furthermore,さらに,0
accuse,責める,0
scientific,科学の,0
wage,賃金,0
absence,欠如,0
construct,建築する,0
remark,発言,0
medicine,薬,0
professor,教授,0
rare,珍しい、まれな,0
intention,意図,0
dozen,ダース,0
settlement,和解,0
gap,差,0
widely,広く,0
minimum,最小限,0
northern,北の,0
estate,私有地,0
equally,等しく,0
expose,さらす,0
alive,生きている,0
shut,閉める,0
victory,勝利,0
resolve,解決する,0
critic,批評家,0
variable,変わりやすい,0
enormous,巨大な,0
sweet,甘い,0
permanent,永久的な,0
emotion,感情,0
pursue,追求する,0
tall,高い,0
urge,駆り立てる,0
enemy,敵,0
appoint,任命する,0
milk,"牛乳,ミルク",0
talent,才能,0
smell,におい,0
prior,前の,0
priority,優先,0
online,オンライン,0
phrase,フレーズ,0
pilot,パイロット,0
stable,安定した,0
merely,～にすぎない,0
resolution,決議,0
communicate,やりとりする,0
injury,けが,0
vast,広大,0
exhibition,展示会,0
producer,生産者,0
regional,地域の,0
immediate,即時の,0
incident,事件,0
childhood,子どもの頃,0
draft,原稿、原案、下絵,0
slip,滑り落ちる,0
accompany,同行する,0
politician,政治家,0
angry,怒る,0
knock,ノックする,0
seed,種,0
salary,給料,0
illustrate,解説する,0
imply,暗示する,0
breakfast,朝食,0
temporary,一時的な,0
liberal,自由主義の、リベラルな,0
lake,湖,0
qualify,資格を与える,0
competitive,競争心の強い,0
truly,本当に,0
hi,こんちゃ,0
yellow,黄色,0
habit,癖、習慣,0
disk,ディスク,0
core,核,0
emotional,感情的な,0
aircraft,飛行機,0
self,自身、自我,0
metal,金属,0
existence,存在,0
bone,骨,0
panel,パネル,0
prime,主要な,0
appointment,予約,0
emphasize,強調する,0
maximum,最大限,0
effectively,効率的な,0
elsewhere,他の所で,0
bother,悩ます,0
initiative,取り組み,0
sharp,鋭い,0
diet,食事、ダイエット,0
motion,動き,0
gray,灰色,0
plastic,プラスチック,0
complicate,複雑にする,0
discipline,訓練、しつけ、折檻,0
disappoint,がっかりさせる,0
boss,社長,0
assumption,思い込み,0
freeze,凍る,0
extreme,極度の,0
passage,通路,0
reputation,評判,0
forth,前へ,0
negotiation,交渉,0
mechanism,メカニズム,0
coat,コート,0
democracy,民主主義,0
pocket,ポケット,0
lucky,幸運な,0
crash,衝突する,0
observation,観察,0
meat,肉,0
concentration,集中力,0
implication,暗示、影響,0
deserve,～にふさわしい,0
unusual,珍しい,0
defend,防御する,0
classic,クラシック、古典,0
king,王様,0
interaction,交流,0
repair,修理する,0
collapse,倒壊する,0
borrow,借りる,0
fundamental,基本,0
dish,皿,0
abroad,外国,0
soul,魂,0
capable,～する能力がある,0
defeat,負かす,0
presidential,大統領の,0
perfectly,完全に,0
enhance,向上させる,0
proud,誇りに思う,0
emergency,緊急,0
educational,教育的な,0
distinguish,見分ける,0
substantial,かなりの,0
nearby,近くの,0
manufacturer,製造業者,0
slide,滑る,0
valuable,価値のある,0
personally,個人的に,0
breast,乳房,0
cope,対処する,0
approximately,およそ,0
accommodation,宿泊施設,0
highlight,ハイライト、ヤマ場,0
reporter,レポーター,0
climate,気候,0
shirt,シャツ,0
exception,例外,0
corporation,企業,0
chip,ポテトチップ、チップ,0
winner,勝者,0
encounter,出会う,0
brown,茶色,0
breathe,息をする,0
excuse,許す,0
partly,部分的に,0
tennis,テニス,0
urban,都会の,0
confuse,混乱させる,0
southern,南の,0
output,生産高,0
beauty,美,0
massive,巨大な,0
install,インストール、設置する,0
calculate,計算する,0
mouse,鼠,0
mathematics,数学,0
upper,上の,0
creation,創作、作品,0
occupy,占める,0
outline,概要,0
sufficient,十分な,0
update,更新する,0
luck,運,0
preserve,保存する,0
split,分ける,0
swing,揺れる,0
illness,病気,0
journalist,ジャーナリスト,0
sudden,突然,0
advertisement,広告,0
consistent,一貫した,0
originally,もともと,0
aside,わきへ,0
comfort,心地よい,0
secondly,第二に,0
severe,深刻,0
gene,遺伝子,0
prospect,見込み,0
snow,ゆき,0
plot,構想、陰謀,0
neck,首,0
criterion,判断基準,0
primarily,主に,0
integrate,まとめる,0
criticism,批評,0
convention,会議、大会,0
bet,賭ける,0
retain,維持する,0
sequence,順序,0
plain,無地の、平易な,0
volunteer,ボランティア,0
rural,田舎の,0
calm,落ち着いた,0
abandon,断念する,0
examination,試験、検査,0
silence,静けさ,0
rapidly,急速に,0
efficient,有能な、敏腕な,0
revolution,革命,0
delight,歓喜,0
spell,つづる,0
premise,前提,0
lean,傾く,0
dramatic,劇的な、ドラマチックな,0
differ,異なる,0
grateful,感謝する,0
protein,タンパク質,0
bike,バイク、自転車,0
distribute,配る,0
intellectual,知性の,0
derive,得る,0
crucial,極めて重要な,0
unemployment,失業,0
wheel,タイヤ,0
crop,農作物,0
minority,少数派,0
origin,起源,0
interpretation,解説,0
gentleman,紳士,0
drama,ドラマ,0
landscape,地形,0
educate,教育する,0
toy,おもちゃ,0
fault,責任,0
exhibit,展示する,0
minor,小さな、ささいな,0
hunt,狩る,0
storm,嵐,0
thick,厚い,0
achievement,達成,0
negotiate,交渉する,0
dominate,支配する,0
supplier,供給者,0
prize,賞,0
typically,典型的に,0
peer,同級生、同僚,0
pension,年金,0
wing,羽,0
acquisition,取得、獲得,0
laughter,笑い,0
deeply,深く,0
recognition,認識,0
electricity,電気,0
assistance,援助,0
roof,屋根,0
retirement,引退,0
respectively,それぞれ,0
variation,差異,0
ultimately,最終的に,0
proof,誇り,0
soil,土,0
smart,賢い,0
layer,層,0
upset,取り乱す,0
tooth,歯,0
representation,代表,0
preparation,準備,0
dispute,論争,0
agenda,するべきこと,0
emphasis,強調,0
edition,版,0
silver,銀,0
entertainment,娯楽,0
honest,正直な,0
undertake,着手する、取り組む,0
retail,小売り,0
wire,ワイヤー,0
unlikely,なさそうな,0
gay,同性愛者,0
publication,出版,0
slight,わずかな,0
unknown,未知の、無名の,0
framework,枠組み,0
zone,地帯,0
restrict,制限する,0
trace,突き止める,0
inch,インチ,0
equivalent,同等の,0
solid,固体,0
enterprise,企業,0
elderly,高齢者,0
owe,支払う義務がある、借りがある,0
governor,知事,0
uniform,ユニフォーム,0
port,港,0
pitch,投げる、売り込む,0
arrival,到着,0
contemporary,現代の,0
gate,門,0
ease,緩和、楽であること,0
beer,ビール,0
specialist,専門家,0
assure,保証する,0
profile,プロフィール,0
mood,気分,0
episode,エピソード,0
crack,ひびが入る,0
numerous,おびただしい数の,0
submit,提出する,0
symptom,症状,0
virtually,実質的に,0
era,時代,0
coverage,報道,0
tension,緊張,0
cable,ケーブル,0
sensitive,繊細な,0
nervous,緊張する,0
input,情報などを入れる,0
isolate,隔離する,0
prisoner,囚人,0
eliminate,取り除く,0
tight,きつい,0
wet,濡れた,0
secondary,第2の,0
welfare,福祉,0
recruit,新規採用する,0
exclude,排除する,0
string,紐,0
cloud,雲,0
persuade,説得する,0
inspire,鼓舞する,0
grand,壮大な,0
hence,今から、この先,0
crew,乗員,0
phenomenon,現象,0
pupil,生徒,0
false,偽の,0
assist,支援する,0
restore,修復する,0
formula,公式,0
alter,変える,0
perceive,気づく,0
routine,毎日の決まった仕事,0
sink,沈む,0
stare,見つめる,0
anymore,これ以上～ない,0
hero,ヒーロー,0
supporter,支持者,0
convert,変換する,0
steady,固定した、安定した,0
meter,メーター,0
truck,トラック,0
nose,鼻,0
beside,隣の、近くの,0
sail,航海する,0
disaster,災害,0
pace,ペース,0
heavily,激しく,0
devote,ささげる、充てる,0
terrorist,テロリスト,0
justify,正当だと理由づける,0
vital,必要不可欠な,0
fascinate,魅了する,0
external,外部,0
spare,予備、スペア,0
whenever,いつでも,0
depression,落ち込み、鬱病,0
guilty,有罪な,0
underlie,下に横たわる,0
mom,まま,0
distinction,違い,0
satisfaction,満足,0
incorporate,組み込む,0
pour,注ぐ,0
sweep,掃く,0
obligation,義務,0
sir,（男性への丁寧な呼び掛け）旦那様、お客様,0
evaluate,評価する,0
anger,怒り,0
pub,パブ,0
perception,見識,0
naturally,自然に,0
currency,通貨,0
database,データベース,0
initially,初めは,0
territory,領土,0
stream,小川,0
rarely,ほとんどない,0
height,身長,0
apparent,明らかな,0
western,西部の,0
expansion,拡大,0
constantly,常に,0
muscle,筋肉,0
scare,怖がらせる,0
badly,ひどく,0
everyday,普段の,0
boundary,境界,0
ratio,比率,0
essay,エッセイ,0
scream,絶叫する,0
withdraw,お金を引き出す、身を引く,0
pollution,汚染,0
disorder,疾患、騒動,0
furniture,家具,0
symbol,象徴,0
apartment,アパート,0
demonstration,デモ、実演,0
analyst,アナリスト,0
platform,演壇、プラットホーム,0
steel,鋼,0
cake,ケーキ,0
transform,変形する,0
wound,傷,0
restriction,制限,0
foundation,設立,0
designer,デザイナー、設計者,0
strain,緊張、体の一部を痛めること,0
innovation,革新,0
album,アルバム,0
singer,歌手,0
trail,小道,0
trap,罠、仕掛け,0
loose,緩い,0
extension,拡張,0
wealth,裕福,0
gradually,しだいに,0
tank,タンク,0
evil,邪悪な,0
remarkable,注目すべき,0
tune,旋律,0
grass,草,0
invitation,招待,0
transition,推移,0
frighten,怖がらせる,0
bid,努力、入札,0
breed,（動物の）種類,0
extraordinary,並外れた,0
brilliant,素晴らしい,0
adviser,アドバイザー,0
stem,茎,0
reverse,逆にする,0
mode,方法,0
mirror,鏡,0
awful,ひどい,0
pose,ポーズをとる,0
adjust,調節する,0
creative,創造力がある,0
nowadays,最近は,0
poem,詩,0
agricultural,農業の,0
competitor,競争相手,0
alcohol,アルコール,0
festival,祭り,0
vegetable,野菜,0
van,バン,0
confident,自信,0
planet,惑星,0
curve,曲線,0
knee,膝,0
overcome,打ち勝つ,0
web,ウェブ,0
depth,深さ,0
entrance,入口,0
log,丸太・記録,0
giant,巨大な,0
god,神様,0
portion,部分,0
substance,物質,0
extensive,広範な,0
interpret,解釈する,0
independence,独立,0
sugar,砂糖,0
inner,内部の,0
harm,害,0
consult,相談する,0
pink,ピンク,0
shadow,影,0
strip,脱ぐ,0
smooth,滑らかな,0
intervention,介入,0
impress,好印象を与える,0
exam,試験,0
vice,悪徳,0
radical,過激な,0
similarly,同様に,0
behave,行儀よくする,0
loud,うるさい,0
dimension,寸法,0
subsequent,その後の,0
infection,感染症,0
jacket,ジャケット,0
efficiency,効率,0
dirty,汚い,0
statistic,統計,0
regularly,定期的に,0
resort,リゾート,0
iron,鉄分、鉄,0
broadcast,放送する,0
membership,会員,0
bread,パン,0
blind,盲目,0
pure,純粋な,0
bloody,血まみれの,0
ally,同盟,0
quantity,量,0
bend,曲げる,0
mature,成長した・熟慮した,0
briefly,ちょっとの間,0
alarm,アラーム,0
disturb,邪魔をする,0
sustain,維持する,0
flood,洪水,0
poverty,貧困,0
crazy,気が狂った,0
cite,引用する,0
newly,新たに,0
parallel,類似した、同時に起きる,0
gender,性別,0
sponsor,スポンサーを務める,0
boot,ブーツ,0
accurate,正確,0
dealer,販売業者,0
button,ボタン,0
burden,負担,0
desert,砂漠,0
mate,仲間,0
occasionally,たまに,0
shareholder,株主,0
bowl,丼,0
discovery,発見,0
resistance,抵抗,0
bath,入浴,0
frequency,頻発,0
criticize,批判する,0
tap,軽くたたく,0
philosophy,哲学,0
lip,唇,0
attribute,～のせいにする,0
apologize,謝る,0
approval,承認,0
grab,つかむ,0
entitle,権利を与える,0
lend,貸す,0
involvement,関与,0
exposure,（社会などに）触れること,0
conventional,伝統的な、従来の,0
digital,デジタル,0
translate,翻訳する,0
edit,編集する,0
formation,形成,0
deposit,預金,0
pleasant,心地良い、楽しい,0
overseas,海外,0
advocate,主張する,0
establishment,機関、設立,0
summary,要約,0
rough,ざらざらした,0
pen,ペン,0
recovery,回復,0
seal,アシカ、アザラシ,0
tube,筒,0
tower,タワー,0
characterize,特徴づける、描写する,0
specify,明記する,0
exact,正確な,0
spin,回転する,0
operator,オペレーター,0
infant,幼児,0
dig,掘る,0
drag,引きずる,0
mount,上がる,0
wrap,包む,0
anticipate,予測する,0
dependent,依存している,0
specialize,専門とする,0
angle,角,0
chicken,鶏肉,0
anxiety,不安,0
virus,ウイルス,0
precisely,正確に,0
rival,好敵手,0
offense,犯行,0
detect,検出する,0
teenager,１０代の,0
admire,称賛する,0
moderate,適度の,0
surgery,手術,0
musician,ミュージシャン,0
significance,意義、重要性,0
shower,シャワー,0
illegal,非合法の,0
charity,慈善,0
universal,普遍的な,0
cigarette,たばこ,0
constitute,構成する,0
adequate,十分な,0
consultant,コンサルタント,0
historian,歴史家,0
cousin,いとこ,0
visual,視覚,0
stupid,頭が悪い,0
keen,熱心な,0
ethnic,民族,0
twin,双子,0
clinical,臨床の,0
eastern,東部の,0
forecast,予測,0
segment,部分,0
custom,慣習,0
adapt,適応する,0
sand,砂,0
cap,帽子,0
prompt,促す,0
charm,魅力,0
react,反応する,0
lecture,講義,0
venture,冒険,0
compound,調合する,0
rescue,救う,0
mess,乱雑、混乱,0
preference,好み,0
comprehensive,包括的な,0
incentive,やる気、動機付け,0
league,リーグ,0
dialog,対話,0
cream,クリーム,0
rapid,急速に,0
cancel,中止、キャンセルする,0
regret,後悔する、残念に思う,0
dismiss,解雇する,0
margin,余白,0
beneath,～の下で,0
opponent,対戦相手、反対者,0
resist,抵抗する,0
capability,能力,0
absolute,絶対的な,0
correspond,相当する,0
stroke,脳卒中,0
dare,勇気がある,0
barrier,障害,0
rid,取り除く,0
divorce,離婚する,0
ruin,台無しにする,0
bury,埋葬する,0
counsel,弁護士、助言,0
tendency,傾向,0
frequent,頻繁に,0
motor,モーター,0
survival,生き残ること,0
counter,対抗する,0
possess,所有する,0
permission,許可,0
valley,谷,0
float,浮く,0
mad,怒り狂ってる,0
greatly,大いに,0
visible,目に見える,0
electric,電気の,0
impressive,印象的な,0
evolution,進化,0
awareness,意識,0
violent,暴力,0
slave,奴隷,0
wealthy,豊か,0
architecture,建築,0
acceptable,容認できる、受諾可能な,0
journal,日記,0
coal,石炭,0
measurement,測定、寸法,0
random,ランダムな,0
successfully,うまく,0
depress,落ち込ませる,0
illustration,イラスト、例,0
burst,爆発,0
privilege,特権,0
buyer,買い手,0
mutual,共有の,0
rail,手すり、（電車の）レール,0
motivate,やる気にさせる,0
laboratory,研究室,0
mortgage,抵当,0
promotion,促進、昇進,0
passion,情熱,0
champion,チャンピオン,0
fulfill,遂行する,0
dust,埃,0
dedicate,専念する,0
roughly,およそ,0
skirt,スカート,0
province,州,0
march,行進,0
evaluation,評価,0
compromise,妥協する,0
accomplish,成し遂げる,0
weakness,弱点,0
announcement,発表、告知,0
salt,塩,0
glance,ちらりと見る,0
opera,歌劇,0
contest,コンテスト,0
brush,刷毛,0
embarrass,恥をかかせる,0
gallery,画廊,0
genetic,遺伝的な,0
aggressive,積極的,0
chest,腰,0
format,書式、形式,0
literary,文学の,0
govern,支配する,0
embrace,抱き締める、受け入れる,0
praise,称賛する,0
silent,静かな,0
pump,ポンプ,0
publisher,出版社,0
celebration,お祝い,0
golf,ゴルフ,0
compensation,賠償,0
classical,古典的な,0
weigh,量る,0
versus,対,0
deficit,赤字,0
modify,修正する,0
flash,ひらめき、閃光,0
friendship,友情,0
profession,専門,0
literally,文字通りに,0
equation,方程式,0
gesture,ジェスチャー,0
entertain,楽しませる,0
fantastic,すばらしい,0
assign,割り当てる,0
inflation,インフレ,0
historic,歴史的な,0
injure,にけがをさせる,0
remote,遠隔,0
therapy,治療,0
orange,オレンジ,0
twist,ひねる,0
personnel,職員,0
imagination,想像,0
disagree,反対する,0
throat,喉,0
insight,洞察力,0
tackle,取り組む、タックルする,0
forever,永遠に,0
exceed,超える,0
expenditure,出費,0
joy,楽しさ,0
pregnant,妊娠した,0
reliable,信頼できる,0
gear,ギア、衣服,0
poet,詩人,0
fortune,大金,0
ceremony,式典,0
pile,山（積み重ね）,0
pig,豚,0
mixture,混合物,0
automatically,自動的に,0
scholar,学者,0
psychological,心理的な,0
dramatically,ドラマチックに、劇的に,0
stake,賭ける、出資金,0
creature,生き物,0
partnership,連携,0
participation,参加,0
clause,主節,0
penalty,罪,0
chamber,部屋,0
fancy,～したい気分だ,0
poetry,詩,0
chat,お喋り,0
clothing,衣類,0
evolve,進化する,0
sake,利益、～のため,0
shelf,棚,0
boost,後押し,0
tail,しっぽ,0
possession,所有物,0
abortion,中絶,0
curious,好奇心旺盛な,0
wooden,木製の,0
boom,好況、ブーンとなる音,0
tale,(事実・伝説・架空の）話、物語,0
democratic,民主主義の、民主的な,0
maintenance,保守,0
consequently,結果的に,0
pot,ポット,0
cow,牛,0
strengthen,強化する,0
whilst,の間に、一方で,0
constraint,制約,0
fold,折る,0
bin,ごみ箱,0
undergo,経験する、耐える、受ける,0
potentially,潜在的に,0
scope,範囲、領域,0
pretend,ふりをする,0
diversity,多様性,0
allege,申し立てる,0
pride,誇り,0
intense,激しい,0
inquiry,照会,0
resign,辞める,0
craft,工作,0
strict,厳しい,0
concrete,コンクリート,0
shell,殻,0
damn,くそっ,0
distinct,区別できる,0
humor,ユーモア,0
limitation,制限,0
indication,兆候、印,0
stability,安定性,0
wise,賢い,0
neglect,怠る,0
compose,構成する,0
jail,牢屋,0
shelter,避難所,0
mere,ほんの,0
carbon,炭素,0
regulate,調節する、規制する,0
cheese,チーズ,0
trigger,引き金,0
pipe,パイプ,0
destruction,破壊,0
guitar,ギター,0
flag,旗,0
piano,ピアノ,0
magic,魔法,0
mystery,謎,0
ski,スキー,0
whisper,ささやく,0
rear,後ろ,0
menu,お品書き,0
species,種,0
moon,月,0
presumably,おそらく,0
bless,神聖にする,0
airline,航空,0
amendment,改正,0
grandmother,祖母,0
jury,陪審,0
cooperation,協力,0
civilian,民間人,0
composition,構成,0
coin,硬貨,0
regardless,～にかかわらず,0
scan,スキャン,0
bunch,房,0
racial,人種の,0
greet,挨拶する,0
hopefully,願わくは,0
sanction,制裁,0
trick,巧妙な技,0
paragraph,段落,0
maker,製作者,0
chocolate,チョコレート,0
stimulate,促す、刺激する,0
belt,ベルト,0
potato,じゃがいも,0
narrative,物語,0
tissue,ティッシュペーパー、組織,0
barely,かろうじて,0
invent,発明する,0
tourism,観光事業,0
pro,プロ,0
stair,階段,0
hesitate,ためらう,0
shine,輝く,0
motivation,意欲、動機,0
romantic,ロマンティック,0
firmly,しっかりと,0
interior,内側,0
stomach,胃,0
nowhere,どこにも～ない,0
pray,祈る,0
championship,選手権,0
servant,使用人,0
immigrant,移民,0
excess,余分,0
complexity,複雑さ,0
liability,法的責任、債務,0
surprisingly,驚くべき,0
extract,引き抜く,0
implementation,実施、実装,0
bias,偏見,0
differently,異なって,0
catalog,カタログ,0
continuous,連続的な,0
golden,金の,0
stamp,切手,0
guideline,指針,0
envelope,封筒,0
knife,ナイフ,0
biological,生物学的,0
consume,消費する,0
luxury,贅沢な,0
weekly,週１,0
wherever,どこでも,0
bite,かむ,0
printer,印刷機,0
firstly,初めに,0
anxious,心配する,0
adventure,冒険,0
fence,フェンス,0
exhaust,疲れ果てさせる、使い果たす,0
attraction,ひきつけるもの,0
ocean,海洋,0
quietly,静かに,0
castle,城,0
veteran,ベテラン,0
reflection,反射,0
nerve,神経,0
determination,決意,0
altogether,完全に,0
fiction,フィクション,0
carpet,カーペット,0
cluster,群,0
confusion,混乱,0
hurry,急ぐ,0
logic,論理,0
controversial,議論を呼ぶ,0
raw,生の、未加工の,0
grammar,文法,0
revise,修正する,0
hint,ほのめかす、ヒント,0
hook,鉤,0
bell,ベル,0
liquid,液体,0
panic,パニック,0
uncle,叔父,0
rice,おこめ,0
slope,坂,0
happiness,幸せ,0
genuine,正真正銘の,0
vessel,貨物船,0
verb,動詞,0
reckon,～だと思う,0
silly,愚か,0
transportation,交通,0
harbor,湾,0
comedy,コメディ,0
chase,追いかける,0
storage,保管場所,0
universe,宇宙,0
horrible,ひどい,0
sheep,羊,0
lover,恋人,0
rat,ラット,0
portrait,肖像,0
innocent,潔白な、無実な,0
substitute,控え,0
supplement,補足,0
adjustment,調整,0
reasonably,合理的に,0
filter,フィルター,0
flexible,曲げやすい,0
abstract,抽象的な,0
tent,テント,0
precise,正確な、精密な,0
distant,遠い,0
stranger,初対面の人、知らない人,0
shade,影,0
grain,穀物,0
situate,～に置く,0
summarize,要約する,0
leap,跳ねる,0
snap,バキっ！　ばしん！、折る,0
probability,見込み,0
leather,革,0
uncertainty,不確実なこと,0
swear,誓う,0
refugee,難民,0
shore,岸,0
monthly,月１,0
comprise,構成する,0
stir,かき混ぜる,0
excitement,興奮,0
sigh,ため息をつく,0
pregnancy,妊娠,0
experimental,実験の,0
institutional,機関の,0
slice,一切れ,0
wander,さまよう,0
empire,帝国,0
subsequently,その後に,0
gentle,優しい、穏やかな,0
attendance,出席者数,0
ownership,所有権,0
qualification,資格,0
suspend,一時停止する,0
functional,機能的な,0
voluntary,自由意志による,0
pale,淡い,0
stain,汚す,0
athlete,アスリート,0
organic,有機栽培の,0
tongue,舌,0
server,サーバー,0
structural,構造的な,0
fool,馬鹿者,0
alongside,並んで,0
unite,団結する,0
gently,優しく,0
compute,計算する,0
wipe,拭く,0
weird,変わった,0
gaze,じっと見る,0
fade,弱まる,0
cough,咳をする,0
hypothesis,仮説,0
royal,王族の,0
theoretical,理論的な,0
curtain,カーテン,0
mayor,市長,0
darkness,暗闇,0
aunt,叔母,0
tournament,大会,0
registration,登録,0
fragment,断片,0
listener,傍聴者,0
tender,思いやりのある,0
density,密度,0
ugly,醜い,0
module,モジュール,0
faithfully,忠実に,0
autumn,秋,0
cheek,ほお,0
attachment,愛着、添付ファイル,0
holder,所有者,0
grin,にっこり笑う,0
noun,名詞,0
fortunate,幸運,0
alright,大丈夫,0
lazy,怠惰な,0
hello,こんにちは,0
hunger,空腹,0
insure,保険を掛ける,0
ashamed,恥ずかしい,0
found,設立する,0
thirst,渇き,0